<?xml version="1.0" encoding="UTF-8"?>
<!-- edited with XML Spy v4.3 U (http://www.xmlspy.com) by . (.) -->
<SERVERMESSAGERESOURCE VERSION="2.0">
	<TYPE code="10101000"/>
	<TYPE code="10101001">无法生成数据模块。</TYPE>
	<TYPE code="10101002">无法传送数据模块。请检查网络设置。</TYPE>
	<TYPE code="10101003">邀请的数据集不存在。</TYPE>
	<TYPE code="10101004">参数的语法不正确。</TYPE>
	<TYPE code="10101005">无法动态的读取字段信息。</TYPE>
	<TYPE code="10101006">无法生成数据模块。</TYPE>
	<TYPE code="10101007">无法生成数据模块。</TYPE>
	<TYPE code="10101008">编译Script时发生错误。</TYPE>
	<TYPE code="10101009">无法通过HTTP读取数据。</TYPE>
	<TYPE code="10101010">错误的URL。无法通过HTTP读取数据。</TYPE>
	<TYPE code="10101011">无法在File Store中找到设置的文件。</TYPE>
	<TYPE code="10101012">无法从文件读取数据。</TYPE>
	<TYPE code="10101013">未设置参数值。</TYPE>
	<TYPE code="10101014">无法传送数据模块。</TYPE>
	<TYPE code="10101015">HTTP Session值不存在或错误。</TYPE>
	<TYPE code="10102000"/>
	<TYPE code="10102001">不能连接数据源。</TYPE>
	<TYPE code="10102002">在连接数据库获取数据时，发生错误。</TYPE>
	<TYPE code="10102003">在连接数据库获取数据时，发生错误。</TYPE>
	<TYPE code="10102004">在编译Query时，发生错误。</TYPE>
	<TYPE code="10102005">无法在数据库中运行Query。</TYPE>
	<TYPE code="10102006">无法使用参数编译Query。</TYPE>
	<TYPE code="10102007">无法运行Query。</TYPE>
	<TYPE code="10103000"/>
	<TYPE code="10103001">UDS类加载失败。</TYPE>
	<TYPE code="10103002">无权限连接UDS。</TYPE>
	<TYPE code="10103003">打开UDS失败。</TYPE>
	<TYPE code="10103004">初始化UDS失败。</TYPE>
	<TYPE code="10103005">从UDS读取数据失败。</TYPE>
	<TYPE code="10103006">在UDS创建数据表失败。</TYPE>
	<TYPE code="10104000"/>
	<TYPE code="10104001">多重集UDS类加载失败。</TYPE>
	<TYPE code="10104002">无权限连接多重集UDS。</TYPE>
	<TYPE code="10104003">创建多重集UDS失败。</TYPE>
	<TYPE code="10104004">初始化多重集UDS失败。</TYPE>
	<TYPE code="10105000"/>
	<TYPE code="10105001">无法连接到SAP。</TYPE>
	<TYPE code="10106000"/>
	<TYPE code="10106001">无法找到Group Store的数据源。</TYPE>
	<TYPE code="10106002">无法在Group Store的数据源中读取数据。</TYPE>
	<TYPE code="10106003">Group Store的数据源与Masterset相同。</TYPE>
	<TYPE code="10106004">Group Store的数据转换过程中，发生错误。</TYPE>
	<TYPE code="10107000"/>
	<TYPE code="10107001">无法读取Group Store的数据。</TYPE>
	<TYPE code="10108000"/>
	<TYPE code="10108001">在Concurrent模式传送数据失败。</TYPE>
	<TYPE code="10109000"/>
	<TYPE code="10109001">无法识别的CSV文件编码。</TYPE>
	<TYPE code="10109002">无法读取CSV文件的数据。</TYPE>
	<TYPE code="10109003">CSV文件无字段信息。</TYPE>
	<TYPE code="10109004">CSV文件中含有错误信息。</TYPE>
	<TYPE code="10110000"/>
	<TYPE code="10110001">无法在XML文件中找到对应的节点。</TYPE>
	<TYPE code="10110002">无法读取XML文件。</TYPE>
	<TYPE code="10110003">错误的XML格式。</TYPE>
	<TYPE code="10110004">解析XML文件时，发生错误。</TYPE>
	<TYPE code="10120000"/>
	<TYPE code="10120001">没有报表可读取的参数。</TYPE>
	<TYPE code="10120002">读取邀请的参数时，发生错误。</TYPE>
	<TYPE code="10120003">不符合OZ Report格式的XML文件。</TYPE>
	<TYPE code="10120004">解析XML文件时，发生错误</TYPE>
	<TYPE code="10120005">生成XML Parser时，发生错误。</TYPE>
	<TYPE code="10601000"/>
	<TYPE code="10601001">无法从Repository数据库中获取数据。</TYPE>
	<TYPE code="10601002">从Repository数据库获取数据时，发生错误。</TYPE>
	<TYPE code="10602000"/>
	<TYPE code="10602001">插入Item于Repository数据库时，发生错误</TYPE>
	<TYPE code="10602002">删除Item于Repository数据库时，发生错误。</TYPE>
	<TYPE code="10602003">Repository数据库更新时，发生错误。</TYPE>
	<TYPE code="10603000">连接Repository数据库失败。</TYPE>
	<TYPE code="10604000">Group相关错误。</TYPE>
	<TYPE code="10604001">从Repository获取GroupID时，发生错误。</TYPE>
	<TYPE code="10604002">在Repository生成Group失败。</TYPE>
	<TYPE code="10604003">在Repository删除Group失败。</TYPE>
	<TYPE code="10604004">在Repository更改Group名失败。</TYPE>
	<TYPE code="10604005">变更Repository的Group管理员失败。</TYPE>
	<TYPE code="10605000">用户相关错误。</TYPE>
	<TYPE code="10605001">在Repository添加新用户失败。</TYPE>
	<TYPE code="10605002">请输入用户密码。</TYPE>
	<TYPE code="10605003">密码可使用4~6字的数字或文字。</TYPE>
	<TYPE code="10605004">未注册的用户名。</TYPE>
	<TYPE code="10605005">已存在的用户名。</TYPE>
	<TYPE code="10605006">确认用户信息失败。</TYPE>
	<TYPE code="10605007">删除用户信息失败。</TYPE>
	<TYPE code="10605008">无法删除管理员ID。</TYPE>
	<TYPE code="10605009">无法确认用户连接状态。</TYPE>
	<TYPE code="10605010">修改用户名失败。</TYPE>
	<TYPE code="10605011">修改用户密码失败。</TYPE>
	<TYPE code="10605012">无法确认用户密码。</TYPE>
	<TYPE code="10605013">登录用户退出失败。</TYPE>
	<TYPE code="10605014">用户登录失败。</TYPE>
	<TYPE code="10605015">确认登录与否失败。</TYPE>
	<TYPE code="10605016">修改用户登录设置失败。</TYPE>
	<TYPE code="10605017">修改用户登录设置失败。</TYPE>
	<TYPE code="10605018">修改用户信息说明失败。</TYPE>
	<TYPE code="10605019">读取用户信息说明失败。</TYPE>
	<TYPE code="10605020">无法确认Item是否Check-out。</TYPE>
	<TYPE code="10606000">Item相关错误。</TYPE>
	<TYPE code="10606001">生成Item失败。</TYPE>
	<TYPE code="10606002">删除Item失败。</TYPE>
	<TYPE code="10606003">无法读取Item。</TYPE>
	<TYPE code="10606004">无法读取Item。</TYPE>
	<TYPE code="10606005">无法确认Item存在与否。</TYPE>
	<TYPE code="10606006">修改Item信息失败。</TYPE>
	<TYPE code="10606007">更新Item文件失败。</TYPE>
	<TYPE code="10606008">修改Item名失败。</TYPE>
	<TYPE code="10606009">无法找到Item ID。</TYPE>
	<TYPE code="10606010">修改Item类型失败。</TYPE>
	<TYPE code="10606011">Check-in Item失败。</TYPE>
	<TYPE code="10606012">Check-out Item失败。</TYPE>
	<TYPE code="10606013">取消Check-out Item失败。</TYPE>
	<TYPE code="10606014">回滚Item失败。</TYPE>
	<TYPE code="10606015">读取Item的指定的Hitstory失败。</TYPE>
	<TYPE code="10606016">删除Item History失败。</TYPE>
	<TYPE code="10606017">浏览Item History失败。</TYPE>
	<TYPE code="10607000">Category相关错误。</TYPE>
	<TYPE code="10607001">生成Category失败。</TYPE>
	<TYPE code="10607002">删除Category失败。</TYPE>
	<TYPE code="10607003">无法读取Category ID。</TYPE>
	<TYPE code="10607004">跳到上级Category时，发生错误。</TYPE>
	<TYPE code="10607005">无法确认Category存在与否。</TYPE>
	<TYPE code="10607006">修改Category名失败。</TYPE>
	<TYPE code="10607007">创建Category Tree失败。</TYPE>
	<TYPE code="10608000">权限相关错误。</TYPE>
	<TYPE code="10608001">Item的用户权限设置失败。</TYPE>
	<TYPE code="10608002">Item的Group权限设置失败。</TYPE>
	<TYPE code="10608003">Category的用户权限设置失败。</TYPE>
	<TYPE code="10608004">Category的Group权限设置失败。</TYPE>
	<TYPE code="10608005">返回拥有Item权限的用户目录失败。</TYPE>
	<TYPE code="10608006">返回拥有Item权限的Group目录失败。</TYPE>
	<TYPE code="10608007">返回拥有Category权限的用户目录失败。</TYPE>
	<TYPE code="10608008">返回拥有Category权限的Group目录失败。</TYPE>
	<TYPE code="10609000">在Reporsitory使用加密模块时，发生错误。</TYPE>
	<TYPE code="10609001">在Reporsitory使用加密模块时，发生错误。</TYPE>
	<TYPE code="10609002">在Reporsitory使用加密模块时，发生错误。</TYPE>
	<TYPE code="10609003">在Reporsitory使用加密模块时，发生错误。</TYPE>
	<TYPE code="10609004">在Reporsitory使用加密模块时，发生错误。</TYPE>
	<TYPE code="10609005">在Reporsitory使用加密模块时，发生错误。</TYPE>
	<TYPE code="10609006">在Reporsitory使用加密模块时，发生错误。</TYPE>
	<TYPE code="10609007">在Reporsitory使用加密模块时，发生错误。</TYPE>
	<TYPE code="10901000">服务器到客户端的通信中，发生错误。请检查网络、服务器和协议版本 </TYPE>
	<TYPE code="10902000">服务器端和客户端之间传送数据中在服务器端发生错误、请检查网络、服务器的协议版本</TYPE>
	<TYPE code="10902001">无法在客户端读取服务器的数据信息。</TYPE>
	<TYPE code="15001000">SDM相关错误。</TYPE>
	<TYPE code="15001001">无法找到srmngr.properties文件。</TYPE>
	<TYPE code="15001002">无法读取srmngr.properties文件。</TYPE>
	<TYPE code="15001003">无法提供服务。</TYPE>
	<TYPE code="15001004">无法找到SDM文件。</TYPE>
	<TYPE code="15001005">无法读取SDM文件。</TYPE>
</SERVERMESSAGERESOURCE>
