<?xml version="1.0" encoding="UTF-8"?>
<!-- edited with XML Spy v4.3 U (http://www.xmlspy.com) by . (.) -->
<SERVERMESSAGERESOURCE VERSION="2.0">
	<TYPE code="10101000"/>
	<TYPE code="10101001">無法生成資料模組。</TYPE>
	<TYPE code="10101002">無法傳送資料模組。請檢查網路設置。</TYPE>
	<TYPE code="10101003">邀請的資料集不存在。</TYPE>
	<TYPE code="10101004">參數的語法不正確。</TYPE>
	<TYPE code="10101005">無法動態的讀取欄位資訊。</TYPE>
	<TYPE code="10101006">無法生成資料模組。</TYPE>
	<TYPE code="10101007">無法生成資料模組。</TYPE>
	<TYPE code="10101008">編譯Script時發生錯誤。</TYPE>
	<TYPE code="10101009">無法通過HTTP讀取資料。</TYPE>
	<TYPE code="10101010">錯誤的URL。無法通過HTTP讀取資料。</TYPE>
	<TYPE code="10101011">無法在File Store中找到設置的檔。</TYPE>
	<TYPE code="10101012">無法從檔讀取資料。</TYPE>
	<TYPE code="10101013">未設置參數值。</TYPE>
	<TYPE code="10101014">無法傳送資料模組。</TYPE>
	<TYPE code="10101015">HTTP Session值不存在或錯誤。</TYPE>
	<TYPE code="10102000"/>
	<TYPE code="10102001">不能連接資料源。</TYPE>
	<TYPE code="10102002">在連接資料庫獲取資料時，發生錯誤。</TYPE>
	<TYPE code="10102003">在連接資料庫獲取資料時，發生錯誤。</TYPE>
	<TYPE code="10102004">無法在資料庫中運行Query。</TYPE>
	<TYPE code="10102005">無法在資料庫中運行Query。</TYPE>
	<TYPE code="10102006">無法使用參數編譯Query。</TYPE>
	<TYPE code="10102007">無法運行Query。</TYPE>
	<TYPE code="10103000"/>
	<TYPE code="10103001">UDS類載入失敗。</TYPE>
	<TYPE code="10103002">無許可權連接UDS。</TYPE>
	<TYPE code="10103003">打開UDS失敗。</TYPE>
	<TYPE code="10103004">初始化UDS失敗。</TYPE>
	<TYPE code="10103005">從UDS讀取數據失敗。</TYPE>
	<TYPE code="10103006">在UDS創建資料表失敗。</TYPE>
	<TYPE code="10104000"/>
	<TYPE code="10104001">重集UDS類載入失敗。</TYPE>
	<TYPE code="10104002">無許可權連接多重集UDS。</TYPE>
	<TYPE code="10104003">創建多重集UDS失敗。</TYPE>
	<TYPE code="10104004">初始化多重集UDS失敗。</TYPE>
	<TYPE code="10105000"/>
	<TYPE code="10105001">無法連接到SAP。</TYPE>
	<TYPE code="10106000"/>
	<TYPE code="10106001">無法找到Group Store的資料源。</TYPE>
	<TYPE code="10106002">無法在Group Store的資料源中讀取資料。</TYPE>
	<TYPE code="10106003">Group Store的資料源與Masterset相同。</TYPE>
	<TYPE code="10106004">Group Store的資料轉換過程中，發生錯誤。</TYPE>
	<TYPE code="10107000"/>
	<TYPE code="10107001">無法讀取Group Store的資料。</TYPE>
	<TYPE code="10108000"/>
	<TYPE code="10108001">在Concurrent模式傳送資料失敗。</TYPE>
	<TYPE code="10109000"/>
	<TYPE code="10109001">無法識別的CSV檔編碼。</TYPE>
	<TYPE code="10109002">無法讀取CSV檔的資料。</TYPE>
	<TYPE code="10109003">CSV檔無欄位資訊。</TYPE>
	<TYPE code="10109004">CSV檔中含有錯誤資訊。</TYPE>
	<TYPE code="10110000"/>
	<TYPE code="10110001">無法在XML檔中找到對應的節點。</TYPE>
	<TYPE code="10110002">無法讀取XML檔案。</TYPE>
	<TYPE code="10110003">錯誤的XML格式。</TYPE>
	<TYPE code="10110004">解析XML檔時，發生錯誤。</TYPE>
	<TYPE code="10120000"/>
	<TYPE code="10120001">沒有報表可讀取的參數。</TYPE>
	<TYPE code="10120002">讀取邀請的參數時，發生錯誤。</TYPE>
	<TYPE code="10120003">不符合OZ Report格式的XML檔。</TYPE>
	<TYPE code="10120004">解析XML檔時，發生錯誤。</TYPE>
	<TYPE code="10120005">生成XML Parser時，發生錯誤。</TYPE>
	<TYPE code="10601000"/>
	<TYPE code="10601001">無法從Repository資料庫中獲取資料。</TYPE>
	<TYPE code="10601002">從Repository資料庫獲取資料時，發生錯誤。</TYPE>
	<TYPE code="10602000"/>
	<TYPE code="10602001">插入Item于Repository資料庫時，發生錯誤。</TYPE>
	<TYPE code="10602002">刪除Item于Repository資料庫時，發生錯誤。</TYPE>
	<TYPE code="10602003">Repository資料庫更新時，發生錯誤。</TYPE>
	<TYPE code="10603000">連接Repository資料庫失敗。</TYPE>
	<TYPE code="10604000">Group相關錯誤。</TYPE>
	<TYPE code="10604001">從Repository獲取GroupID時，發生錯誤。</TYPE>
	<TYPE code="10604002">在Repository生成Group失敗。</TYPE>
	<TYPE code="10604003">在Repository刪除Group失敗。</TYPE>
	<TYPE code="10604004">在Repository更改Group名失敗。</TYPE>
	<TYPE code="10604005">變更Repository的Group管理員失敗。</TYPE>
	<TYPE code="10605000">用戶相關錯誤。</TYPE>
	<TYPE code="10605001">在Repository添加新用戶失敗。</TYPE>
	<TYPE code="10605002">請輸入用戶密碼。</TYPE>
	<TYPE code="10605003">密碼可使用4~6字的數位或文字。</TYPE>
	<TYPE code="10605004">未註冊的用戶名。</TYPE>
	<TYPE code="10605005">已存在的用戶名。</TYPE>
	<TYPE code="10605006">確認用戶資訊失敗。</TYPE>
	<TYPE code="10605007">刪除用戶資訊失敗。</TYPE>
	<TYPE code="10605008">無法刪除管理員ID。</TYPE>
	<TYPE code="10605009">無法確認用戶連接狀態。</TYPE>
	<TYPE code="10605010">修改用戶名失敗。</TYPE>
	<TYPE code="10605011">修改用戶密碼失敗。</TYPE>
	<TYPE code="10605012">無法確認用戶密碼。</TYPE>
	<TYPE code="10605013">登錄用戶退出失敗。</TYPE>
	<TYPE code="10605014">用戶登錄失敗。</TYPE>
	<TYPE code="10605015">確認登錄與否失敗。</TYPE>
	<TYPE code="10605016">修改用戶登錄設置失敗。</TYPE>
	<TYPE code="10605017">修改用戶登錄設置失敗。</TYPE>
	<TYPE code="10605018">修改用戶資訊說明失敗。</TYPE>
	<TYPE code="10605019">讀取用戶資訊說明失敗。</TYPE>
	<TYPE code="10605020">無法確認Item Check-out與否。</TYPE>
	<TYPE code="10606000">Item相關錯誤。</TYPE>
	<TYPE code="10606001">生成Item失敗。</TYPE>
	<TYPE code="10606002">刪除Item失敗。</TYPE>
	<TYPE code="10606003">無法讀取Item。</TYPE>
	<TYPE code="10606004">無法讀取Item。</TYPE>
	<TYPE code="10606005">無法確認Item存在與否。</TYPE>
	<TYPE code="10606006">修改Item資訊失敗。</TYPE>
	<TYPE code="10606007">更新Item檔失敗。</TYPE>
	<TYPE code="10606008">修改Item名失敗。</TYPE>
	<TYPE code="10606009">無法找到Item ID。</TYPE>
	<TYPE code="10606010">修改Item類型失敗。</TYPE>
	<TYPE code="10606011">Check-in Item失敗。</TYPE>
	<TYPE code="10606012">Check-out Item失敗。</TYPE>
	<TYPE code="10606013">取消Check-out Item失敗。</TYPE>
	<TYPE code="10606014">回滾Item失敗。</TYPE>
	<TYPE code="10606015">讀取Item的指定的Hitstory失敗。</TYPE>
	<TYPE code="10606016">刪除Item History失敗。</TYPE>
	<TYPE code="10606017">流覽Item History失敗。</TYPE>
	<TYPE code="10607000">Category相關錯誤。</TYPE>
	<TYPE code="10607001">生成Category失敗。</TYPE>
	<TYPE code="10607002">刪除Category失敗。</TYPE>
	<TYPE code="10607003">無法讀取Category ID。</TYPE>
	<TYPE code="10607004">跳到上級Category時，發生錯誤。</TYPE>
	<TYPE code="10607005">無法確認Category存在與否。</TYPE>
	<TYPE code="10607006">修改Category名失敗。</TYPE>
	<TYPE code="10607007">創建Category Tree失敗。</TYPE>
	<TYPE code="10608000">許可權相關錯誤。</TYPE>
	<TYPE code="10608001">Item的用戶許可權設置失敗。</TYPE>
	<TYPE code="10608002">Item的Group許可權設置失敗。</TYPE>
	<TYPE code="10608003">Category的用戶許可權設置失敗。</TYPE>
	<TYPE code="10608004">Category的Group許可權設置失敗。</TYPE>
	<TYPE code="10608005">返回擁有Item許可權的用戶目錄失敗。</TYPE>
	<TYPE code="10608006">返回擁有Item許可權的Group目錄失敗。</TYPE>
	<TYPE code="10608007">返回擁有Category許可權的用戶目錄失敗。</TYPE>
	<TYPE code="10608008">返回擁有Category許可權的Group目錄失敗。</TYPE>
	<TYPE code="10609000">在Reporsitory使用加密模組時，發生錯誤。</TYPE>
	<TYPE code="10609001">在Reporsitory使用加密模組時，發生錯誤。</TYPE>
	<TYPE code="10609002">在Reporsitory使用加密模組時，發生錯誤。</TYPE>
	<TYPE code="10609003">在Reporsitory使用加密模組時，發生錯誤。</TYPE>
	<TYPE code="10609004">在Reporsitory使用加密模組時，發生錯誤。</TYPE>
	<TYPE code="10609005">在Reporsitory使用加密模組時，發生錯誤。</TYPE>
	<TYPE code="10609006">在Reporsitory使用加密模組時，發生錯誤。</TYPE>
	<TYPE code="10609007">在Reporsitory使用加密模組時，發生錯誤。</TYPE>
	<TYPE code="10901000">伺服器到用戶端的通信中，發生錯誤。請檢查網路、伺服器和協定版本。</TYPE>
	<TYPE code="10902000">伺服器端和用戶端之間傳送資料中在伺服器端發生錯誤、請檢查網路、伺服器的協定版本。</TYPE>
	<TYPE code="10902001">無法在用戶端讀取伺服器的資料資訊。</TYPE>
	<TYPE code="15001000">SDM相關錯誤。</TYPE>
	<TYPE code="15001001">無法找到srmngr.properties檔案。</TYPE>
	<TYPE code="15001002">無法讀取srmngr.properties檔案。</TYPE>
	<TYPE code="15001003">無法提供服務。</TYPE>
	<TYPE code="15001004">無法找到SDM檔案。</TYPE>
	<TYPE code="15001005">無法讀取SDM檔案。</TYPE>
</SERVERMESSAGERESOURCE>
